"Full_navn","Aktie","ticker","Lande"
"A.P. Møller - Mærsk A A/S","Mærsk","MAERSK-B.CO","Danmark"
"Aalborg Boldspilklub A/S","Aalborg_Boldspilklub","AAB.CO","Danmark"
"Agat Ejendomme A/S","Agat_Ejendomme","AGAT.CO","Danmark"
"AGF A/S B","AGF","AGF-B.CO","Danmark"
"Agillic A/S","Agillic","AGILC.CO","Danmark"
"Alefarm Brewing A/S","Alefarm_Brewing","ALEFRM.CO","Danmark"
"ALK-Abelló B A/S","ALK_Abello","ALK-B.CO","Danmark"
"Alm. Brand A/S","Alm_Brand","ALMB.CO","Danmark"
"Ambu A/S","Ambu","AMBU-B.CO","Danmark"
"Astralis Group A/S","Astralis","ASTGRP.CO","Danmark"
"Athena Investments A/S","Athena_Investments","ATHENA.co","Danmark"
"Atlantic Petroleum P/F","Atlantic_Petroleum","ATLA-DKK.CO","Danmark"
"Bang & Olufsen A/S","Bang_og_Olufsen","BO.CO","Danmark"
"BankNordik P/F","BankNordik","BNORDIK-CSE.CO","Danmark"
"Bavarian Nordic A/S","Bavarian","BAVA.CO","Danmark"
"BioPorto A/S","BioPorto","BIOPOR.CO","Danmark"
"Blue Vision A/S A","Blue_Vision","BLVIS-A.CO","Danmark"
"Boliga Gruppen A/S","Boliga","BOLIGA.CO","Danmark"
"Boozt AB","Boozt","BOOZT-DKK.CO","Danmark"
"Brd. Klee B A/S","Brd_Klee","KLEE-B.CO","Danmark"
"Brdr. A & O Johansen præf. A/S","Brdr_A_og_O_Johansen","AOJ-P.CO","Danmark"
"Brdr.Hartmann A/S","BrdrHartmann","HART.CO","Danmark"
"Brøndbyernes IF Fodbold A/S","Brøndbyernes_IF","bif.co","Danmark"
"Carlsberg A A/S","Carlsberg","CARL-A.CO","Danmark"
"cBrain A/S","cBrain","CBRAIN.CO","Danmark"
"Cemat A/S","Cemat","CEMAT.CO","Danmark"
"ChemoMetec A/S","ChemoMetec","CHEMM.CO","Danmark"
"Chr. Hansen Holding A/S","Chr_Hansen","CHRH.CO","Danmark"
"Cleantech Building Materials Plc","Cleantech_Building_Materials","cbm.co","Danmark"
"Coloplast B A/S","Coloplast","COLO-B.CO","Danmark"
"Columbus A/S","Columbus","COLUM.CO","Danmark"
"Conferize A/S","Conferize","confrz.co","Danmark"
"Copenhagen Capital A/S Præf","Copenhagen_Capital","CPHCAP-ST.CO","Danmark"
"D/S Norden","D_S_Norden","DNORD.CO","Danmark"
"Danish Aerospace Company A/S","Danish_Aerospace_Company","DAC.CO","Danmark"
"Danske Andelskassers Bank A/S","Danske_Andelskassers_Bank","DAB.CO","Danmark"
"Danske Bank A/S","Danske_Bank","DANSKE.CO","Danmark"
"Dantax A/S","Dantax","dant.co","Danmark"
"Dataproces Group A/S","Dataproces_Group","DATA.CO","Danmark"
"DecideAct A/S","DecideAct","ACT.CO","Danmark"
"Demant A/S","Demant","DEMANT.CO","Danmark"
"Den Jyske Sparekasse A/S","Den_Jyske_Sparekasse","DJS.CO","Danmark"
"DFDS A/S","DFDS","DFDS.CO","Danmark"
"Djurslands Bank A/S","Djurslands_Bank","DJUR.co","Danmark"
"DSV Panalpina A/S","DSV_Panalpina","DSV.CO","Danmark"
"EAC Invest A/S","EAC_Invest","EAC.CO","Danmark"
"EgnsINVEST Ejd.","EgnsINVEST","egnety.co","Danmark"
"Enalyzer A/S","Enalyzer","ENALYZ.CO","Danmark"
"Erria A/S","Erria","erria.co","Danmark"
"F.E. Bording B A/S","FE_Bording","BORD-B.CO","Danmark"
"Fast Ejendom Danmark A/S","Fast_Ejendom","FED.CO","Danmark"
"FastPassCorp A/S","FastPassCorp","FASTPC.CO","Danmark"
"FirstFarms A/S","FirstFarms","FFARMS.CO","Danmark"
"FLSmidth & Co. A/S","FLSmidth","FLS.CO","Danmark"
"FluoGuide","FluoGuide","fluo.co","Danmark"
"Flügger group A/S B","Flugger_group","FLUG-B.CO","Danmark"
"FOM Technologies A/S","FOM_Technologies","FOM.CO","Danmark"
"Fynske Bank A/S","Fynske_Bank","FYNBK.co","Danmark"
"G4S plc","G4S","G4S.CO","Danmark"
"Gabriel Holding A/S","Gabriel_Holding","GABR.CO","Danmark"
"Genmab A/S","Genmab","GMAB.CO","Danmark"
"German High Street Properties A/S","German_High_Street_Properties","GERHSP.co","Danmark"
"Glunz & Jensen Holding A/S","Glunz_og_Jensen","GJ.CO","Danmark"
"GN Store Nord A/S","GN_Store_Nord","GN.CO","Danmark"
"GreenMobility A/S","GreenMobility","GREENM.CO","Danmark"
"Grønlandsbanken A/S","Grønlandsbanken","GRLA.CO","Danmark"
"Gyldendal A A/S","Gyldendal","GYLD-A.CO","Danmark"
"H. Lundbeck A/S","H_Lundbeck","LUN.CO","Danmark"
"H+H International A/S","HH_International","HH.CO","Danmark"
"Happy Helper A/S","Happy_Helper","HAPPY.co","Danmark"
"Harboes Bryggeri B A/S","Harboes_Bryggeri","HARB-B.CO","Danmark"
"HRC World Plc","HRC_World","HRC.CO","Danmark"
"HusCompagniet A/S","HusCompagniet","HUSCO.CO","Danmark"
"Hvidbjerg Bank A/S","Hvidbjerg_Bank","HVID.CO","Danmark"
"Hypefactors A/S","Hypefactors","HYPE.CO","Danmark"
"InterMail A/S","InterMail","IMAIL.CO","Danmark"
"ISS A/S","ISS","ISS.CO","Danmark"
"Jeudan A/S","Jeudan","JDAN.CO","Danmark"
"Jobindex A/S","Jobindex","JOBNDX.CO","Danmark"
"Jutlander Bank A/S","Jutlander_Bank","JUTBK.CO","Danmark"
"Jyske Bank A/S","Jyske_Bank","jysk.co","Danmark"
"Konsolidator A/S","Konsolidator","KONSOL.CO","Danmark"
"Kreditbanken A/S","Kreditbanken","KRE.CO","Danmark"
"Københavns Lufthavne A/S","Københavns_Lufthavne","KBHL.CO","Danmark"
"LED iBond International A/S","LED_iBond","LEDIBOND.CO","Danmark"
"Lollands Bank A/S","Lollands_Bank","LOLB.CO","Danmark"
"Luxor B A/S","Luxor","LUXOR-B.CO","Danmark"
"Lån og Spar Bank A/S","Lån_og_Spar_Bank","LASP.CO","Danmark"
"Matas A/S","Matas","MATAS.CO","Danmark"
"Mdundo.com A/S","Mdundocom","MDUNDO.co","Danmark"
"Migatronic B A/S","Migatronic","MIGA-B.CO","Danmark"
"Monsenso A/S","Monsenso","monso.co","Danmark"
"MT Højgaard Holding A/S","MT_Højgaard","mthh.co","Danmark"
"Møns Bank A/S","Møns_Bank","mnba.co","Danmark"
"Netcompany Group A/S","Netcompany_Group","NETC.CO","Danmark"
"Newcap Holding A/S","Newcap_Holding","NEWCAP.CO","Danmark"
"Nilfisk Holding A/S","Nilfisk_Holding","NLFSK.CO","Danmark"
"NKT A/S","NKT","NKT.CO","Danmark"
"NNIT A/S","NNIT","NNIT.CO","Danmark"
"Nordea Bank Abp","Nordea_Bank","NDA-DK.CO","Danmark"
"Nordfyns Bank A/S","Nordfyns_Bank","NRDF.CO","Danmark"
"Nordic Shipholding A/S","Nordic_Shipholding","NORDIC.co","Danmark"
"North Media A/S","North_Media","NORTHM.CO","Danmark"
"Novo Nordisk B A/S","Novo_Nordisk","NOVO-B.CO","Danmark"
"Novozymes B A/S","Novozymes","NZYM-B.CO","Danmark"
"NPinvestor.com A/S","NPinvestor","NPINV.CO","Danmark"
"NTG Nordic Transport Group A/S","NTG_Nordic_Transport_Group","NTG.CO","Danmark"
"NTR Holding B A/S","NTR_Holding","NTR-B.CO","Danmark"
"Odico A/S","Odico","ODICO.CO","Danmark"
"Onxeo SA","Onxeo","ONXEO.co","Danmark"
"Orphazyme A/S","Orphazyme","OTCQB.co","Danmark"
"Pandora A/S","Pandora","PNDORA.CO","Danmark"
"PARKEN Sport & Entertainment A/S","PARKEN","PARKEN.CO","Danmark"
"Park Street Nordicom A/S A","Park_Street_Nordicom","PSNRDC-A.CO","Danmark"
"Penneo A/S","Penneo","PENNEO.CO","Danmark"
"Per Aarsleff Holding A/S B","Per_Aarsleff_Holding","PAAL-B.CO","Danmark"
"Prime Office A/S","Prime_Office","PRIMOF.CO","Danmark"
"Rias B A/S","Rias","RIAS-B.CO","Danmark"
"Ringkjøbing Landbobank A/S","Ringkjøbing_Landbobank","RILBA.CO","Danmark"
"Risk Intelligence","Risk_Intelligence","risk.co","Danmark"
"Roblon B A/S","Roblon","RBLN-B.CO","Danmark"
"Rockwool International A A/S","Rockwool","ROCK-A.CO","Danmark"
"Royal UNIBREW A/S","Royal_UNIBREW","RBREW.CO","Danmark"
"RTX A/S","RTX","RTX.CO","Danmark"
"Sanistål A/S","Sanistål","SANI.CO","Danmark"
"SAS AB","SAS","SAS-DKK.CO","Danmark"
"Scandinavian Brake Systems A/S","Scandinavian_Brake_Systems","SBS.CO","Danmark"
"Scandinavian Investment Group A/S","Scandinavian_Investment_Group","SIG.CO","Danmark"
"Scandinavian Tobacco Group A/S","Scandinavian_Tobacco_Group","STG.CO","Danmark"
"Scape Technologies A/S","Scape_Technologies","SCAPE.CO","Danmark"
"Schouw & Co. A/S","Schouw_og_Co","scho.co","Danmark"
"Seluxit A/S","Seluxit","SLXIT.co","Danmark"
"Shape Robotics A/S","Shape_Robotics","SHAPE.CO","Danmark"
"Silkeborg IF Invest A/S","Silkeborg_IF_Invest","SIF.CO","Danmark"
"SimCorp A/S","SimCorp","SIM.CO","Danmark"
"SKAKO A/S","SKAKO","SKAKO.CO","Danmark"
"Skjern Bank A/S","Skjern_Bank","SKJE.CO","Danmark"
"Small Cap Danmark A/S","Small_Cap_Danmark","SCD.CO","Danmark"
"Solar B A/S","Solar_B","SOLAR-B.CO","Danmark"
"Sparekassen Sjælland-Fyn A/S","Sparekassen_Sjælland_Fyn","SPKSJF.co","Danmark"
"Spar Nord Bank A/S","Spar_Nord_Bank","SPNO.CO","Danmark"
"SP Group A/S","SP_Group","SPG.CO","Danmark"
"STENOCARE A/S","STENOCARE","STEOF.co","Danmark"
"Strategic Investments A/S","Strategic_Investments","STRINV.CO","Danmark"
"Sydbank A/S","Sydbank","SYDB.CO","Danmark"
"TCM Group A/S","TCM_Group","TCM.CO","Danmark"
"The Drilling Company of 1972 A/S","Drilling_Company","DRLCO.co","Danmark"
"Tivoli A/S","Tivoli","TIV.CO","Danmark"
"Topdanmark A/S","Topdanmark","TOP.CO","Danmark"
"TORM plc A","TORM","TRMD-A.CO","Danmark"
"Totalbanken A/S","Totalbanken","TOTA.CO","Danmark"
"Tryg A/S","Tryg","tryg.co","Danmark"
"Waturu Holding A/S","Waturu","WATURU.CO","Danmark"
"Vestas Wind Systems A/S","Vestas","vws.co","Danmark"
"Vestjysk Bank A/S","Vestjysk_Bank","VJBA.co","Danmark"
"Victoria Properties A/S","Victoria_Properties","VIPRO.CO","Danmark"
"WindowMaster International A/S","WindowMaster_International","WMA.co","Danmark"
"ViroGates A/S","ViroGates","VIRO.co","Danmark"
"WirTek A/S","WirTek","WIRTEK.CO","Danmark"
"Zealand Pharma A/S","Zealand_Pharma","ZEAL.co","Danmark"
"Össur hf.","OOssur","ossr.co","Danmark"
"Ørsted A/S","Ørsted","ORSTED.co","Danmark"
